,node_id,x_coord,y_coord,ref
0,0,113.54692,22.1139693,0
1,1,113.546716,22.115264,0
2,2,113.5467938,22.1466308,0
3,3,113.5335074,22.1643839,0
4,4,113.5474348,22.1450731,0
5,5,113.5324909,22.1665884,0
6,6,113.545053,22.1490803,0
7,7,113.5438205,22.1503336,0
8,8,113.5431164,22.1511087,0
9,9,113.5304484,22.1697281,0
10,10,113.5467039,22.1154665,0
11,11,113.5505851,22.1207761,0
12,12,113.5514791,22.1214511,0
13,13,113.5474536,22.1379279,0
14,14,113.5477567,22.1436545,0
15,15,113.5464504,22.1472518,0
16,16,113.5497981,22.1189943,0
17,17,113.5476682,22.1441688,0
18,18,113.546091,22.1478431,0
19,19,113.55132,22.1213199,0
20,20,113.5518182,22.1306203,0
21,21,113.5514999,22.1235101,0
22,22,113.5469748,22.1138165,0
23,23,113.5498434,22.1129763,0
24,24,113.5475703,22.1389726,0
25,25,113.5460965,22.1517577,0
26,26,113.5494909,22.1135273,0
27,27,113.5504704,22.1179563,0
28,28,113.545804,22.1520577,0
29,29,113.5518175,22.130296,0
30,30,113.5509472,22.1173972,0
31,31,113.5476789,22.1422161,0
32,32,113.5518896,22.1445623,0
33,33,113.5505193,22.117924,0
34,34,113.5453105,22.1487598,0
35,35,113.55118,22.1211999,0
36,36,113.5492513,22.1138693,0
37,37,113.5497579,22.114335,0
38,38,113.5404002,22.135678,0
39,39,113.5507645,22.1208798,0
40,40,113.5420397,22.1548745,0
41,41,113.5501402,22.1122696,0
42,42,113.5474133,22.1369354,0
43,43,113.5515225,22.1226793,0
44,44,113.5469949,22.146273,0
45,45,113.5499891,22.1201875,0
46,46,113.5499711,22.1125086,0
47,47,113.5500483,22.1145118,0
48,48,113.5494386,22.1140659,0
49,49,113.5514701,22.1274738,0
50,50,113.5497759,22.1202778,0
51,51,113.5465121,22.1175413,0
52,52,113.5465631,22.1168667,0
53,53,113.5514706,22.1252266,0
54,54,113.5456914,22.1483102,0
55,55,113.5442698,22.149915,0
56,56,113.547703,22.1407354,0
57,57,113.5508824,22.1210534,0
58,58,113.5475381,22.1385386,0
59,59,113.5424546,22.1544715,0
60,60,113.5477164,22.1425415,0
61,61,113.5501815,22.1204079,0
62,62,113.5476333,22.1394832,0
63,63,113.5465886,22.1169214,0
64,64,113.5463673,22.1175451,0
65,65,113.5476789,22.1403304,0
66,66,113.5514373,22.1290717,0
67,67,113.55146,22.1254551,0
68,68,113.5508519,22.1179053,0
69,69,113.5417339,22.1552565,0
70,70,113.5400208,22.1601542,0
71,71,113.541565,22.1556572,0
72,72,113.5398673,22.154798,0
73,73,113.5474227,22.1371403,0
74,74,113.5466757,22.1157522,0
75,75,113.5514772,22.1240654,0
76,76,113.5456207,22.1521467,0
77,77,113.5492042,22.1482897,0
78,78,113.5487994,22.1486714,0
79,79,113.5489569,22.1485946,0
80,80,113.5495043,22.1481131,0
81,81,113.5515057,22.1278977,0
82,82,113.5514487,22.1282965,0
83,83,113.5514134,22.1285729,0
84,84,113.5514098,22.1284829,0
85,85,113.5514789,22.1281791,0
86,86,113.551438,22.1283388,0
87,87,113.5514699,22.1276129,0
88,88,113.5396488,22.1616946,0
89,89,113.5389638,22.1655396,0
90,90,113.5394651,22.1632737,0
91,91,113.5395482,22.1624721,0
92,92,113.5398486,22.1607807,0
93,93,113.53885,22.1657729,0
94,94,113.5393323,22.1639986,0
95,95,113.5492748,22.1136606,0
96,96,113.5493213,22.1187997,0
97,97,113.5493864,22.1188068,0
98,98,113.5493734,22.118966,0
99,99,113.5503443,22.1185676,0
100,100,113.546688,22.1156304,0
101,101,113.5498332,22.1186758,0
102,102,113.5492051,22.1136817,0
103,103,113.5491454,22.1137923,0
104,104,113.5466998,22.1155222,0
105,105,113.550267,22.1208077,0
106,106,113.5500548,22.120717,0
107,107,113.5500234,22.1204871,0
108,108,113.5515426,22.1252327,0
109,109,113.5507475,22.1209109,0
110,110,113.5505864,22.1179097,0
111,111,113.5497965,22.1196012,0
112,112,113.5503822,22.1207258,0
113,113,113.5493896,22.1141566,0
114,114,113.5498407,22.1197391,0
115,115,113.5498577,22.1205007,0
116,116,113.5506002,22.1158278,0
117,117,113.550347,22.1206842,0
118,118,113.5517506,22.121616,0
119,119,113.5502013,22.1204534,0
120,120,113.5467066,22.1153733,0
121,121,113.5514588,22.1291208,0
122,122,113.5504831,22.1183924,0
123,123,113.5518202,22.132534,0
124,124,113.5503977,22.1209311,0
125,125,113.5503812,22.1181159,0
126,126,113.5518571,22.1352012,0
127,127,113.5498166,22.1196795,0
128,128,113.5509055,22.1209969,0
129,129,113.550408,22.1179973,0
130,130,113.5497929,22.1195327,0
131,131,113.5503752,22.1180395,0
132,132,113.5515307,22.1254572,0
133,133,113.5501103,22.1186033,0
134,134,113.5308856,22.1688289,0
135,135,113.5465553,22.1206188,0
136,136,113.5463468,22.1328244,0
137,137,113.5466138,22.132827,0
138,138,113.5466228,22.1324771,0
139,139,113.5463728,22.1324628,0
140,140,113.5466598,22.132788,0
141,141,113.5466928,22.132739,0
142,142,113.5467105,22.1326836,0
143,143,113.5467115,22.1326259,0
144,144,113.5466958,22.13257,0
145,145,113.5466646,22.13252,0
146,146,113.5465298,22.1315717,0
147,147,113.5465816,22.1311545,0
148,148,113.5466814,22.1307992,0
149,149,113.5467959,22.1304429,0
150,150,113.5468674,22.1300401,0
151,151,113.5468928,22.1297577,0
152,152,113.5464458,22.1313132,0
153,153,113.5465035,22.1306207,0
154,154,113.5465852,22.1300378,0
155,155,113.546604,22.1297039,0
156,156,113.5465004,22.1276483,0
157,157,113.5465935,22.1291277,0
158,158,113.5467519,22.1277566,0
159,159,113.5465553,22.1206337,0
160,160,113.5469156,22.131882,0
161,161,113.5470283,22.1323088,0
162,162,113.5472221,22.1326316,0
163,163,113.5473042,22.1327345,0
164,164,113.5477055,22.1330395,0
165,165,113.5483897,22.1332439,0
166,166,113.550651,22.1334211,0
167,167,113.5510887,22.1334771,0
168,168,113.5518263,22.1337894,0
169,169,113.5523189,22.1343016,0
170,170,113.5471002,22.1320547,0
171,171,113.5473532,22.1325419,0
172,172,113.5479271,22.1329624,0
173,173,113.5482032,22.1330551,0
174,174,113.5508915,22.1333019,0
175,175,113.5522477,22.1339485,0
176,176,113.5524445,22.1342821,0
177,177,113.5468585,22.1305253,0
178,178,113.5407564,22.1240579,0
179,179,113.5466029,22.1293567,0
180,180,113.5465302,22.130424,0
181,181,113.5464838,22.1307278,0
182,182,113.5470678,22.1319022,0
183,183,113.5465422,22.1324768,0
184,184,113.5464814,22.132468,0
185,185,113.5465972,22.1325027,0
186,186,113.5464205,22.132477,0
187,187,113.5466408,22.132543,0
188,188,113.5463656,22.132503,0
189,189,113.5466617,22.1327244,0
190,190,113.5463221,22.1325434,0
191,191,113.5466235,22.132777,0
192,192,113.5463225,22.1327579,0
193,193,113.5465683,22.1328143,0
194,194,113.5463718,22.1328019,0
195,195,113.5465025,22.1328318,0
196,196,113.5464343,22.1328275,0
197,197,113.5520135,22.1339207,0
198,198,113.5523574,22.1344097,0
199,199,113.5468665,22.1292174,0
200,200,113.5474145,22.1361129,0
201,201,113.5456658,22.1205986,0
202,202,113.5472783,22.1326277,0
203,203,113.5473084,22.1332193,0
204,204,113.5465299,22.1344945,0
205,205,113.5513796,22.133404,0
206,206,113.5518091,22.133601,0
207,207,113.5365531,22.1584358,0
208,208,113.5346407,22.1608702,0
209,209,113.5339387,22.1633587,0
210,210,113.5411005,22.1235021,0
211,211,113.5474115,22.1362669,0
212,212,113.5494516,22.1331821,0
213,213,113.5524851,22.1344615,0
214,214,113.5401725,22.1354523,0
215,215,113.547382,22.1355756,0
216,216,113.5494316,22.1333212,0
217,217,113.5458523,22.1520552,0
218,218,113.5347372,22.1597449,0
219,219,113.5330152,22.1655451,0
220,220,113.5517351,22.1296264,0
221,221,113.5518291,22.1300115,0
222,222,113.5471867,22.1119627,0
223,223,113.5476414,22.1415205,0
224,224,113.5490176,22.1485978,0
225,225,113.5491844,22.148663,0
226,226,113.5493453,22.1483313,0
227,227,113.5500776,22.1481115,0
228,228,113.5500629,22.1511733,0
229,229,113.5492838,22.148766,0
230,230,113.5492993,22.1488367,0
231,231,113.549281,22.1489931,0
232,232,113.5491114,22.1491915,0
233,233,113.5484928,22.1500073,0
234,234,113.5476821,22.150881,0
235,235,113.5476956,22.1509417,0
236,236,113.5479546,22.1511679,0
237,237,113.5480449,22.1511838,0
238,238,113.5502231,22.1121796,0
239,239,113.5504463,22.1119971,0
240,240,113.550543,22.1118967,0
241,241,113.5506351,22.1118361,0
242,242,113.547217,22.1116403,0
243,243,113.5470069,22.130149,1
244,244,113.5470161,22.1303029,1
245,245,113.5470217,22.130519,1
246,246,113.5464924,22.1306781,0
247,247,113.5467096,22.1307032,0
248,248,113.5470196,22.1307416,1
249,249,113.5470244,22.1309036,1
250,250,113.5470262,22.130986,2
251,251,113.5464417,22.1310377,0
252,252,113.5468455,22.1310714,1
253,253,113.5470312,22.1310992,2
254,254,113.546596,22.1311034,0
255,255,113.546762,22.1311006,1
256,256,113.5466649,22.131112,3
257,257,113.5469623,22.1311913,1
258,258,113.5468933,22.1313166,1
259,259,113.5470393,22.1312559,1
260,260,113.5465422,22.1314078,0
261,261,113.5468473,22.1314268,1
262,262,113.5470998,22.1315186,1
263,263,113.546798,22.1315555,1
264,264,113.5467786,22.1316757,1
265,265,113.5467875,22.1317432,1
266,266,113.5464388,22.131805,0
267,267,113.5468121,22.1318268,1
268,268,113.5468385,22.1319059,1
269,269,113.5471313,22.1319238,1
270,270,113.5471122,22.1320189,1
271,271,113.5468998,22.1320458,1
272,272,113.5465371,22.1321099,0
273,273,113.5466691,22.1321082,1
274,274,113.5468101,22.1321246,1
275,275,113.5470186,22.1322486,2
276,276,113.5470878,22.1323213,2
277,277,113.5465335,22.132256,0
278,278,113.5464403,22.1322534,0
279,279,113.5464375,22.1323091,0
280,280,113.546553,22.1323516,0
281,281,113.5464229,22.1323926,0
282,282,113.5464555,22.1324337,0
283,283,113.5465433,22.1324347,0
284,284,113.547138,22.1324281,1
285,285,113.5471702,22.1327273,1
286,286,113.5464099,22.1328543,0
287,287,113.5464798,22.1328651,0
288,288,113.5471557,22.1328422,1
289,289,113.5465566,22.1329086,0
290,290,113.5465298,22.1330665,0
291,291,113.5464419,22.1330668,0
292,292,113.5470951,22.1330175,1
293,293,113.5469988,22.1331882,1
294,294,113.5465298,22.1336347,0
295,295,113.5465299,22.1345996,0
296,296,113.5498195,22.1192223,0
297,297,113.5517025,22.1448301,0
298,298,113.5522582,22.1343553,0
299,299,113.5520818,22.1340888,0
300,300,113.5519282,22.1339674,0
301,301,113.551658,22.133795,0
302,302,113.5508816,22.1335329,0
303,303,113.5506992,22.1335143,0
304,304,113.552124,22.1346017,0
305,305,113.5522772,22.1346008,0
306,306,113.55223,22.1342858,0
307,307,113.552179,22.1342038,0
308,308,113.5521267,22.1341348,0
309,309,113.5512529,22.1336075,0
310,310,113.5485132,22.1333466,0
311,311,113.5479057,22.133236,0
312,312,113.547734,22.1331665,0
313,313,113.547581,22.1330832,0
314,314,113.5471479,22.1326994,0
315,315,113.5470634,22.1325801,0
316,316,113.5468622,22.1320807,0
317,317,113.5462802,22.1312944,0
318,318,113.5467582,22.1312971,0
319,319,113.5469091,22.1322472,0
320,320,113.5466782,22.1326629,0
321,321,113.5466709,22.1325999,0
322,322,113.5462942,22.1325943,0
323,323,113.5462847,22.1326507,0
324,324,113.5462944,22.1327071,0
325,325,113.5465554,22.1328557,0
326,326,113.5464567,22.1324208,0
327,327,113.5465117,22.1324183,0
328,328,113.5465533,22.1310369,0
329,329,113.5465102,22.1315387,0
330,330,113.5464825,22.1310629,0
331,331,113.5465772,22.1304297,0
332,332,113.5467675,22.1304521,0
333,333,113.5466327,22.129809,0
334,334,113.546675,22.1298347,0
335,335,113.5467355,22.1298647,0
336,336,113.5467873,22.129856,0
337,337,113.5468463,22.1298341,0
338,338,113.546846,22.1299368,0
339,339,113.5468065,22.1302733,0
340,340,113.547174,22.1360664,0
341,341,113.5473752,22.1360738,0
342,342,113.5465464,22.1207386,0
343,343,113.5458813,22.1209247,0
344,344,113.5463542,22.1211692,0
345,345,113.5461009,22.1209447,0
346,346,113.5454964,22.1208084,0
347,347,113.5460582,22.1207281,0
348,348,113.5455026,22.1209383,0
349,349,113.5460201,22.1209295,0
350,350,113.5463542,22.1228301,0
351,351,113.5463666,22.1229201,0
352,352,113.5464726,22.1230698,0
353,353,113.5463793,22.1234978,0
354,354,113.5465029,22.1233801,0
355,355,113.5465094,22.1231075,0
356,356,113.5465324,22.1231464,0
357,357,113.5465476,22.1232203,0
358,358,113.5465413,22.1233002,0
359,359,113.546449,22.1234366,0
360,360,113.546443,22.1255444,0
361,361,113.5466894,22.1260384,0
362,362,113.5464731,22.1256665,0
363,363,113.5465539,22.1257906,0
364,364,113.5466398,22.1258902,0
365,365,113.5466894,22.1261181,0
366,366,113.5467951,22.1273389,0
367,367,113.5467366,22.1272045,0
368,368,113.5469219,22.1297915,0
369,369,113.546823,22.1305629,0
370,370,113.5466509,22.131047,0
371,371,113.5465696,22.1315006,0
372,372,113.5467771,22.132603,0
373,373,113.5465706,22.1321531,0
374,374,113.5465897,22.1322878,0
375,375,113.5467534,22.132526,0
376,376,113.5466509,22.1324152,0
377,377,113.5467659,22.1327254,0
378,378,113.5466073,22.1330645,0
379,379,113.5466231,22.1329693,0
380,380,113.546707,22.132828,0
381,381,113.5466428,22.1328638,0
382,382,113.5465816,22.1344814,0
383,383,113.5471953,22.1344804,0
384,384,113.5473243,22.1347732,0
385,385,113.5472909,22.1348738,0
386,386,113.5473117,22.1358393,0
387,387,113.5471789,22.1359173,0
388,388,113.547242,22.1358987,0
389,389,113.5472186,22.1347531,0
390,390,113.5471283,22.1347161,0
391,391,113.5466999,22.1290977,0
392,392,113.5468002,22.1290828,0
393,393,113.5493722,22.1188517,0
394,394,113.5493828,22.1188523,0
395,395,113.5493166,22.1188915,0
396,396,113.5493333,22.1188927,0
397,397,113.5498295,22.118894,0
398,398,113.5496465,22.1189027,0
399,399,113.5493675,22.1189151,0
400,400,113.549904,22.1189163,0
401,401,113.5493776,22.1189192,0
402,402,113.5493135,22.1189524,0
403,403,113.54933,22.1189555,0
404,404,113.5495981,22.1189561,0
405,405,113.5497392,22.1189786,0
406,406,113.5493699,22.1190045,0
407,407,113.5493679,22.1190136,0
408,408,113.5494322,22.1190189,0
409,409,113.5494304,22.1190279,0
410,410,113.5497021,22.1190407,0
411,411,113.549739,22.1190982,0
412,412,113.5496505,22.1191127,0
413,413,113.5498237,22.1191296,0
414,414,113.549643,22.1192107,0
415,415,113.5465325,22.127223,0
416,416,113.5466846,22.1272598,0
417,417,113.5464995,22.1275305,0
418,418,113.5468638,22.1305398,0
419,419,113.5469909,22.1300407,2
420,420,113.5470788,22.1321607,1
421,421,113.5519933,22.1340131,0
422,422,113.5499718,22.1186395,0
423,423,113.5500282,22.1186248,0
424,424,113.5500469,22.1189241,0
425,425,113.5500959,22.118911,0
426,426,113.5524856,22.1358029,0
427,427,113.5523765,22.1358087,0
428,428,113.5465548,22.1206086,0
429,429,113.5474149,22.1361222,0
430,430,113.5481186,22.133201,0
431,431,113.5475394,22.1329375,0
432,432,113.5523687,22.1341168,0
433,433,113.5520922,22.133797,0
434,434,113.5516186,22.1335036,0
435,435,113.5511732,22.1333505,0
436,436,113.5522643,22.134195,0
437,437,113.5513306,22.1335376,0
438,438,113.5471471,22.1322027,0
439,439,113.5470918,22.1324328,0
440,440,113.5463098,22.1207774,0
441,441,113.5461521,22.1207489,0
442,442,113.5462419,22.120777,0
443,443,113.5463794,22.1207491,0
444,444,113.5464288,22.1207275,0
445,445,113.5465411,22.1207139,0
446,446,113.5465599,22.1207204,0
447,447,113.5463845,22.1229654,0
448,448,113.5464376,22.123039,0
449,449,113.5464068,22.1230021,0
450,450,113.5463578,22.1228765,0
451,451,113.5471298,22.1346596,0
452,452,113.5471911,22.1346595,0
453,453,113.5466964,22.134478,0
454,454,113.5466867,22.1346719,0
455,455,113.5466558,22.1346506,0
456,456,113.5466236,22.1346293,0
457,457,113.5466084,22.1346099,0
458,458,113.5465889,22.1345745,0
459,459,113.5471884,22.1347338,0
460,460,113.5472661,22.1348116,0
461,461,113.5472485,22.1347799,0
462,462,113.5465082,22.1328641,0
463,463,113.5465327,22.1330001,0
464,464,113.5465407,22.1329542,0
465,465,113.546576,22.1328756,0
466,466,113.5465797,22.1324509,0
467,467,113.5464961,22.1324317,0
468,468,113.5464225,22.1324414,0
469,469,113.5465936,22.1324372,0
470,470,113.5465673,22.1323888,0
471,471,113.5465406,22.132315,0
472,472,113.5464086,22.1324246,0
473,473,113.5464322,22.1323503,0
474,474,113.5473007,22.1367739,0
475,475,113.5473945,22.1368658,0
476,476,113.5473656,22.1363166,0
477,477,113.5472658,22.1362882,0
478,478,113.5473517,22.1368136,0
479,479,113.5313858,22.1683172,0
480,480,113.5427061,22.1515807,0
481,481,113.5430212,22.1513919,0
482,482,113.542973,22.1512801,0
483,483,113.5430145,22.1512217,0
484,484,113.5477249,22.1428746,0
485,485,113.547239,22.1457116,0
486,486,113.5497127,22.1475686,0
487,487,113.5499308,22.1473214,0
488,488,113.5502593,22.146858,0
489,489,113.5511237,22.1456438,0
490,490,113.5516085,22.1449619,0
491,491,113.5519056,22.1444278,0
492,492,113.551906,22.1430123,0
493,493,113.5518834,22.1419626,0
494,494,113.5518807,22.1416366,0
495,495,113.5519042,22.1407465,0
496,496,113.5518631,22.1356801,0
497,497,113.5518505,22.1345968,0
498,498,113.5518551,22.1341403,0
499,499,113.5518336,22.1329005,0
500,500,113.5518269,22.1318197,0
501,501,113.5517813,22.1297774,0
502,502,113.5514085,22.1288692,0
503,503,113.5518991,22.1441831,0
504,504,113.5519013,22.1442987,0
505,505,113.5517862,22.1224668,0
506,506,113.5521,22.1221575,0
507,507,113.5518747,22.1218754,0
508,508,113.5516266,22.1215431,0
509,509,113.552093,22.1220413,0
510,510,113.5519966,22.1219634,0
511,511,113.5519899,22.1222594,0
512,512,113.5519293,22.1217004,0
513,513,113.5515723,22.1215116,0
514,514,113.5515363,22.1214894,0
515,515,113.551512,22.1214716,0
516,516,113.5426524,22.1543257,0
517,517,113.5459945,22.1519297,0
518,518,113.5497643,22.1133227,0
519,519,113.546574,22.1171655,0
520,520,113.5465055,22.1274457,0
521,521,113.54672,22.1275045,0
522,522,113.5467741,22.1279872,0
523,523,113.5468233,22.1303326,0
524,524,113.5467543,22.1305774,0
525,525,113.5465668,22.1172627,0
526,526,113.5465977,22.1292309,0
527,527,113.5465064,22.1277429,0
528,528,113.5398236,22.1608953,0
529,529,113.5415851,22.1556095,0
530,530,113.5495269,22.1477724,0
531,531,113.5515308,22.1337275,0
532,532,113.5514207,22.133674,0
533,533,113.5510521,22.1335577,0
534,534,113.5483111,22.1333245,0
535,535,113.548104,22.1332877,0
536,536,113.5474132,22.1329706,0
537,537,113.5468014,22.1317318,0
538,538,113.5467826,22.131523,0
539,539,113.5465103,22.1316075,0
540,540,113.5468237,22.1319068,0
541,541,113.5469813,22.1324348,0
542,542,113.5464994,22.1312909,0
543,543,113.5523754,22.1344948,0
544,544,113.5521555,22.134045,0
545,545,113.5514908,22.1336048,0
546,546,113.5508958,22.1334463,0
547,547,113.5479085,22.1331347,0
548,548,113.5474068,22.132836,0
549,549,113.5465036,22.1207015,0
550,550,113.5464599,22.1207013,0
551,551,113.545972,22.1207176,0
552,552,113.5458717,22.1207136,0
553,553,113.5457969,22.1207177,0
554,554,113.5456142,22.1207626,0
555,555,113.5455736,22.1209242,0
556,556,113.5456952,22.1209188,0
557,557,113.5463383,22.121102,0
558,558,113.5462919,22.1210338,0
559,559,113.5462268,22.1209856,0
560,560,113.5514657,22.1265948,0
561,561,113.5347399,22.1600728,0
562,562,113.5518752,22.1412049,0
563,563,113.5518524,22.135036,0
564,564,113.5518229,22.1312563,0
565,565,113.5504456,22.1183172,0
566,566,113.5345629,22.1612714,0
567,567,113.5371619,22.157852,0
568,568,113.5464294,22.1251064,0
569,569,113.5463906,22.1238614,0
570,570,113.5514662,22.1267022,0
571,571,113.5495813,22.147704,0
572,572,113.5465763,22.1171349,0
573,573,113.5465717,22.1171965,0
574,574,113.5465796,22.117091,0
575,575,113.5465832,22.1170419,0
576,576,113.5465703,22.1172158,0
577,577,113.5465685,22.1174009,0
578,578,113.5463995,22.1183887,0
579,579,113.5446936,22.1494778,0
580,580,113.5418719,22.152598,0
581,581,113.5406864,22.153932,0
582,582,113.5381892,22.1567018,0
583,583,113.5367677,22.1582718,0
584,584,113.5345079,22.1619296,0
585,585,113.5345575,22.1618464,0
586,586,113.5346152,22.1618067,0
587,587,113.5346688,22.1617495,0
588,588,113.5346702,22.1617222,0
589,589,113.5346608,22.1616936,0
590,590,113.5346246,22.1616725,0
591,591,113.5345468,22.1616452,0
592,592,113.5345106,22.1615831,0
593,593,113.5344838,22.162029,0
594,594,113.5343429,22.162532,0
595,595,113.5340573,22.1630785,0
596,596,113.5337649,22.1637144,0
597,597,113.5335088,22.1642957,0
598,598,113.5335343,22.1642224,0
599,599,113.5335182,22.164677,0
600,600,113.5335101,22.16459,0
601,601,113.533553,22.1647714,0
602,602,113.5336617,22.1649813,0
603,603,113.5336965,22.1650843,0
604,604,113.5336979,22.1651141,0
605,605,113.5336885,22.165144,0
606,606,113.5336643,22.1651638,0
607,607,113.5336335,22.1651651,0
608,608,113.5335973,22.1651551,0
609,609,113.5335128,22.1650868,0
610,610,113.5334766,22.1650756,0
611,611,113.5333827,22.1651042,0
612,612,113.5332406,22.1652222,0
613,613,113.5327511,22.165996,0
614,614,113.5327175,22.1661152,0
615,615,113.5327189,22.1662133,0
616,616,113.5327081,22.1662829,0
617,617,113.5326411,22.1663884,0
618,618,113.5321221,22.167192,0
619,619,113.5316809,22.1678552,0
620,620,113.5315306,22.1681632,0
621,621,113.5314904,22.1682179,0
622,622,113.531076,22.1685681,0
623,623,113.5309714,22.1686997,0
624,624,113.5307085,22.1691469,0
625,625,113.5306294,22.1693133,0
626,626,113.5306375,22.1693667,0
627,627,113.5306562,22.1694139,0
628,628,113.5307099,22.1694437,0
629,629,113.5307837,22.1694872,0
630,630,113.5307944,22.1695045,0
631,631,113.5307984,22.1695207,0
632,632,113.5307743,22.1695666,0
633,633,113.53073,22.1695915,0
634,634,113.5306147,22.1696424,0
635,635,113.5305101,22.1697008,0
636,636,113.5469882,22.113691,0
637,637,113.5467971,22.1146409,0
638,638,113.5465175,22.1167176,0
639,639,113.5465175,22.1166331,0
640,640,113.5458282,22.1520527,0
641,641,113.5459891,22.151962,0
642,642,113.5459904,22.1519881,0
643,643,113.545981,22.1520129,0
644,644,113.5459556,22.1520378,0
645,645,113.5459274,22.1520539,0
646,646,113.5458966,22.1520564,0
647,647,113.5519141,22.1380248,0
648,648,113.5517026,22.1295193,0
649,649,113.5516942,22.1295034,0
650,650,113.5517559,22.1296612,0
651,651,113.5517478,22.1296305,0
652,652,113.5517156,22.1296227,0
653,653,113.5517056,22.1296196,0
654,654,113.5516942,22.1296115,0
655,655,113.5516841,22.1295954,0
656,656,113.5516781,22.1295767,0
657,657,113.5516754,22.1295562,0
658,658,113.5516814,22.1295426,0
659,659,113.5516948,22.1295252,0
660,660,113.5514179,22.1289823,0
661,661,113.5515185,22.1292158,0
662,662,113.5514293,22.1283649,0
663,663,113.5515996,22.1293345,0
664,664,113.5518993,22.1445411,0
665,665,113.551902,22.1445104,0
666,666,113.5514179,22.1283959,0
667,667,113.5347345,22.1599163,0
668,668,113.5361052,22.1586295,0
669,669,113.5353997,22.1591264,0
670,670,113.5349277,22.1595611,0
671,671,113.5521092,22.1220668,0
672,672,113.5521139,22.122132,0
673,673,113.5521153,22.1220972,0
674,674,113.5504885,22.1184669,0
675,675,113.5504885,22.1184396,0
676,676,113.5509619,22.1176482,0
677,677,113.5509619,22.1175103,0
678,678,113.5509512,22.1178053,0
679,679,113.5509411,22.1178656,0
680,680,113.5509136,22.1179184,0
681,681,113.5506776,22.1178768,0
682,682,113.5497495,22.1175897,0
683,683,113.5504717,22.1184806,0
684,684,113.5503336,22.1185235,0
685,685,113.5497844,22.1132785,0
686,686,113.5497951,22.1132177,0
687,687,113.5493278,22.1139408,0
688,688,113.5492956,22.1138911,0
689,689,113.5491957,22.1138538,0
690,690,113.5491648,22.1138283,0
691,691,113.5491709,22.1137103,0
692,692,113.5491528,22.1137401,0
693,693,113.5491454,22.1137612,0
694,694,113.5492711,22.1481566,0
695,695,113.5492002,22.1482547,0
696,696,113.5491975,22.1482711,0
697,697,113.5493085,22.1483387,0
698,698,113.5493369,22.1483406,0
699,699,113.5493201,22.1483428,0
700,700,113.5492015,22.1482821,0
701,701,113.5488822,22.1486156,0
702,702,113.5491113,22.1486235,0
703,703,113.5492455,22.1487101,0
704,704,113.5493078,22.1488799,0
705,705,113.5493077,22.1489352,0
706,706,113.5492563,22.1490354,0
707,707,113.5476755,22.1509118,0
708,708,113.5473966,22.1358164,0
709,709,113.547346,22.1344245,0
710,710,113.5473235,22.1337041,0
711,711,113.5472247,22.1317387,0
712,712,113.5472562,22.1316614,0
713,713,113.5472454,22.1314949,0
714,714,113.547232,22.1313583,0
715,715,113.5472267,22.1312341,0
716,716,113.5472589,22.1311819,0
717,717,113.547291,22.1311396,0
718,718,113.547291,22.13108,0
719,719,113.5472535,22.1310179,0
720,720,113.5472696,22.1309831,0
721,721,113.5473205,22.1309632,0
722,722,113.5473152,22.1307843,0
723,723,113.5473232,22.1307048,0
724,724,113.5473554,22.1306353,0
725,725,113.5473527,22.1306005,0
726,726,113.5473018,22.1305781,0
727,727,113.5472857,22.1305433,0
728,728,113.5472508,22.130516,0
729,729,113.5472133,22.1304763,0
730,730,113.5471448,22.1304145,0
731,731,113.546563,22.1207717,0
732,732,113.54659,22.1212185,0
733,733,113.5466126,22.1215936,0
734,734,113.5466396,22.1220412,0
735,735,113.5466621,22.122414,0
736,736,113.5467076,22.1231689,0
737,737,113.546955,22.1272685,0
738,738,113.5469631,22.1274032,0
739,739,113.5470791,22.1293264,0
740,740,113.549735,22.1176087,0
741,741,113.5493111,22.1190007,0
742,742,113.5519037,22.142904,0
743,743,113.5519034,22.1428904,0
744,744,113.5474559,22.1378274,0
745,745,113.5473007,22.1367739,0
746,746,113.5500633,22.1510925,0
747,747,113.5494957,22.1481249,0
748,748,113.5472674,22.136311,0
749,749,113.5476029,22.1444217,0
750,750,113.5476693,22.1411649,0
751,751,113.54768,22.142226,0
752,752,113.5476706,22.1411478,0
753,753,113.5475914,22.1391435,0
754,754,113.5474549,22.13787,0
755,755,113.5474549,22.13787,0
756,756,113.5473101,22.1357637,0
757,757,113.5472916,22.1349076,0
758,758,113.5467078,22.1311101,1
759,759,113.5469532,22.1310225,1
760,760,113.5470208,22.1307933,1
761,761,113.5470222,22.1308763,1
762,762,113.5470469,22.1313301,1
763,763,113.5471175,22.1316134,1
764,764,113.5471269,22.1317216,1
765,765,113.5470594,22.1313813,1
766,766,113.5467842,22.1316212,1
767,767,113.5468175,22.1315047,1
768,768,113.546745,22.1321133,1
769,769,113.5466031,22.1321091,3
770,770,113.5468904,22.1321581,1
771,771,113.5469387,22.1321159,1
772,772,113.5468711,22.1319895,1
773,773,113.5470786,22.1322405,1
774,774,113.5470881,22.1320911,1
775,775,113.5471353,22.1318382,1
776,776,113.5471739,22.1326341,1
777,777,113.547162,22.1325392,1
778,778,113.5470492,22.1331113,1
779,779,113.5468824,22.1333263,1
780,780,113.5469355,22.1332735,1
781,781,113.5471355,22.1329242,1
782,782,113.5473021,22.1328822,0
783,783,113.5525036,22.134712,0
784,784,113.5523863,22.1347074,0
785,785,113.5524976,22.1345807,0
786,786,113.5510233,22.1333182,0
787,787,113.5484047,22.133099,0
788,788,113.5477122,22.1328439,0
789,789,113.5475026,22.1326918,0
790,790,113.5472173,22.1323594,0
791,791,113.5471002,22.1320547,1
792,792,113.5470375,22.1317335,0
793,793,113.552386,22.1345905,0
794,794,113.5516659,22.1336957,0
795,795,113.5469718,22.1321469,0
796,796,113.5469409,22.1320294,0
797,797,113.5471334,22.1325027,0
798,798,113.5480781,22.1330202,0
799,799,113.5522751,22.134429,0
800,800,113.5522801,22.1345112,0
801,801,113.5517864,22.1338644,0
802,802,113.54693,22.1317501,0
803,803,113.5470154,22.1317401,0
804,804,113.5470021,22.1316429,0
805,805,113.5469167,22.1316529,0
806,806,113.5466016,22.1322534,2
807,807,113.5465778,22.1335927,2
808,808,113.5465871,22.1330354,1
809,809,113.5466701,22.1328981,1
810,810,113.5467393,22.1328376,1
811,811,113.5467808,22.1327607,1
812,812,113.5468026,22.1326563,1
813,813,113.5467986,22.1325867,1
814,814,113.5467749,22.1325373,1
815,815,113.5467433,22.1324841,1
816,816,113.5466681,22.1324017,1
817,817,113.5466029,22.132279,1
818,818,113.546597,22.1318157,1
819,819,113.5466009,22.1315592,1
820,820,113.5466108,22.1314017,1
821,821,113.546682,22.1310116,1
822,822,113.5467393,22.1308358,1
823,823,113.5467971,22.1306357,1
824,824,113.5468342,22.1305373,1
825,825,113.5468955,22.1304201,1
826,826,113.5469272,22.1302772,1
827,827,113.5469548,22.1301124,1
